stage,case,players,phase,settled,median_ms,p99_ms,gpu_ms,render_cpu_ms,fps
baseline,circle-high,1,together,True,3.54999995231628,4.59600019454956,3.05599999427795,1.00099992752075,276.201652990713
baseline,circle-high,1,apart,True,3.15100002288818,4.10400009155273,3.08100008964539,0.699000000953674,310.769938869112
baseline,circle-high,1,streaming,True,3.45099997520447,18.2600002288818,3.19199991226196,0.857999980449677,189.443709707418
baseline,circle-high,4,together,True,15.3059997558594,22.9930000305176,7.30100011825562,3.74600005149841,63.3421496994836
baseline,circle-high,4,apart,False,15.3229999542236,65.4990005493164,7.25799989700317,3.93299984931946,57.8686642663509
baseline,circle-high,4,streaming,False,59.0830001831055,155.936004638672,16.3770008087158,6.1100001335144,14.7154840112161
baseline,circle-low,1,together,True,2.89800000190735,4.59200000762939,2.73200011253357,0.574999988079071,329.64667828223
baseline,circle-low,1,apart,True,3.65300011634827,32.318000793457,3.33400011062622,0.657999992370605,196.068559719626
baseline,circle-low,1,streaming,True,7.56599998474121,51.015998840332,3.43899989128113,0.916999995708466,104.164886036124
baseline,circle-low,4,together,True,11.0159997940063,14.7220001220703,8.21500015258789,2.3529999256134,88.5604338679844
baseline,circle-low,4,apart,True,9.20199966430664,16.1399993896484,9.11600017547607,1.72899997234344,101.147858968642
baseline,circle-low,4,streaming,True,11.6540002822876,23.617000579834,8.73600006103516,2.04299998283386,79.7071354399769
baseline,circle-lowest,1,together,True,2.96799993515015,16.2689990997314,0.935999989509583,0.549000024795532,286.33566761764
baseline,circle-lowest,1,apart,True,1.99000000953674,2.62599992752075,0.920000016689301,0.34400001168251,490.063182797278
baseline,circle-lowest,1,streaming,True,2.04900002479553,9.55399990081787,1.05299997329712,0.35699999332428,396.301731006096
baseline,circle-lowest,4,together,True,11.7200002670288,65.2539978027344,3.37100005149841,2.77699995040894,73.274965489855
baseline,circle-lowest,4,apart,True,7.09600019454956,11.0069999694824,2.46700000762939,1.44599997997284,136.62088239117
baseline,circle-lowest,4,streaming,True,9.73900032043457,27.3460006713867,2.68300008773804,1.75,87.2184366276939
baseline,circle-medium,1,together,True,3.07500004768372,4.25600004196167,2.44099998474121,0.721000015735626,317.465691438453
baseline,circle-medium,1,apart,True,2.85400009155273,4.98000001907349,2.73000001907349,0.580999970436096,323.220744665442
baseline,circle-medium,1,streaming,True,3.29699993133545,16.1380004882812,2.8989999294281,0.699000000953674,214.017306688233
baseline,circle-medium,4,together,True,12.4449996948242,17.2759990692139,6.48000001907349,2.79900002479553,78.0661915216073
baseline,circle-medium,4,apart,True,8.7810001373291,17.0200004577637,6.5149998664856,2.11800003051758,109.29566823098
baseline,circle-medium,4,streaming,True,28.2049999237061,42.7369995117188,8.88599967956543,2.92799997329712,38.1902878259512
baseline,circle-ultra,1,together,True,10.6429996490479,22.2159996032715,8.19999980926514,4.29899978637695,89.5221845905899
baseline,circle-ultra,1,apart,True,4.67999982833862,19.8850002288818,4.44899988174438,0.875999987125397,178.303715427013
baseline,circle-ultra,1,streaming,True,7.83400011062622,19.6690006256104,4.3769998550415,0.894999980926514,129.265366770148
baseline,circle-ultra-retry2,4,together,True,20.5289993286133,30.5580005645752,11.7880001068115,6.46999979019165,47.0119295701391
baseline,circle-ultra-retry2,4,apart,False,10.9540004730225,22.9169998168945,10.03600025177,3.00399994850159,86.139059825042
baseline,circle-ultra-retry2,4,streaming,False,37.3639984130859,52.3810005187988,11.71399974823,4.25799989700317,28.3842081203053
baseline,night-high,1,together,True,4.1729998588562,5.34100008010864,4.04899978637695,1.20299994945526,233.923108634334
baseline,night-high,4,together,True,15.8520002365112,26.4169998168945,10.4689998626709,4.8459997177124,55.4352165777246
baseline,night-low,1,together,True,2.62299990653992,3.64000010490417,2.18099999427795,0.458000004291534,337.635032031365
baseline,night-low,4,together,True,10.1459999084473,14.1440000534058,6.58699989318848,2.07299995422363,89.8737840310291
baseline,night-lowest,1,together,True,1.87399995326996,2.47300004959106,1.14699995517731,0.293999999761581,523.802696949391
baseline,night-lowest,4,together,True,6.94299983978271,8.90299987792969,2.73300004005432,1.42299997806549,141.627234382975
baseline,night-medium,1,together,True,2.71799993515015,4.03900003433228,2.16100001335144,0.555000007152557,339.718788336322
baseline,night-medium,4,together,True,11.4350004196167,17.6499996185303,6.66700029373169,2.41799998283386,77.1287016897378
baseline,night-ultra,1,together,True,7.18900012969971,9.2180004119873,7.09600019454956,2.65700006484985,136.332415844364
baseline,night-ultra,4,together,True,29.0650005340576,41.0839996337891,18.8439998626709,11.6099996566772,33.2650672527221
