case,players,phase,settled,median_ms,p99_ms,max_ms,fps,gpu_ms,render_cpu_ms
cloud-fixed-low-samples,1,together-control-before,True,2.08200001716614,2.7279999256134,4.56899976730347,470.574479120992,1.70899999141693,0.370000004768372
cloud-fixed-low-samples,1,together-fewer-samples,True,2.08999991416931,2.74600005149841,3.72399997711182,469.331906161732,1.59599995613098,0.375
cloud-fixed-low-samples,1,together-control-after,True,2.12299990653992,5.21500015258789,22.6000003814697,432.065970123164,1.71200001239777,0.377999991178513
cloud-fixed-low-samples,4,together-control-before,True,9.27600002288818,12.4370002746582,15.576000213623,104.653244247313,5.83199977874756,1.75100004673004
cloud-fixed-low-samples,4,together-fewer-samples,True,9.29300022125244,13.58899974823,16.1009998321533,103.717172651632,5.36499977111816,1.76200008392334
cloud-fixed-low-samples,4,together-control-after,True,9.36499977111816,13.0,15.58899974823,103.131134201424,5.8580002784729,1.77900004386902
cloud-low-samples,1,together-control-before,True,2.09800004959106,3.0460000038147,5.03299999237061,462.524664781897,1.64199995994568,0.379999995231628
cloud-low-samples,1,together-fewer-samples,True,2.10700011253357,3.08299994468689,5.32600021362305,461.17783021039,1.56200003623962,0.380999982357025
cloud-low-samples,1,together-control-after,True,2.06699991226196,2.64000010490417,4.19899988174438,475.105215819376,1.68700003623962,0.366999983787537
cloud-low-samples,4,together-control-before,True,9.3100004196167,13.1680002212524,16.1639995574951,104.010978762861,5.89300012588501,1.77400004863739
cloud-low-samples,4,together-fewer-samples,True,9.48099994659424,13.9359998703003,15.5509996414185,101.941168286174,5.46000003814697,1.82000005245209
cloud-low-samples,4,together-control-after,True,9.47599983215332,15.1870002746582,18.7759990692139,100.351739031819,5.89099979400635,1.81700003147125
grouped-low-off-after,4,apart,True,11.0340003967285,15.2370004653931,22.7469997406006,88.2036020553133,8.40700054168701,2.3970000743866
grouped-low-off-after,4,streaming,True,15.2449998855591,31.5930004119873,192.522003173828,61.7205300908093,8.66800022125244,2.52799987792969
grouped-low-off-before,4,apart,True,10.9610004425049,14.2690000534058,17.9400005340576,89.3122351172968,8.52499961853027,2.3840000629425
grouped-low-off-before,4,streaming,True,14.878999710083,28.5550003051758,508.044006347656,62.1538255060667,8.81099987030029,2.4760000705719
grouped-low-on,4,apart,True,10.8559999465942,15.1079998016357,18.5590000152588,89.4830423764818,8.42399978637695,2.38100004196167
grouped-low-on,4,streaming,True,14.923999786377,28.8729991912842,508.975006103516,61.8649441382347,8.60700035095215,2.3840000629425
grouped-medium-off-after,4,apart,True,14.6569995880127,19.9540004730225,24.2520008087158,66.7443549252515,7.63199996948242,3.24600005149841
grouped-medium-off-after,4,streaming,True,37.8370018005371,63.4659996032715,548.698974609375,26.0969708770821,11.8299999237061,3.76800012588501
grouped-medium-off-before,4,apart,True,15.6140003204346,21.7919998168945,31.19700050354,62.4963139230904,7.12099981307983,3.34400010108948
grouped-medium-off-before,4,streaming,True,40.9739990234375,59.5120010375977,101.925003051758,26.2537224724196,12.1059999465942,4.12400007247925
grouped-medium-on,4,apart,True,15.2910003662109,24.363000869751,35.9259986877441,62.9751119627952,6.63399982452393,3.22499990463257
grouped-medium-on,4,streaming,True,40.9290008544922,66.052001953125,107.651000976562,25.5583740581853,11.7950000762939,4.13899993896484
night-low-occlusion,1,together-control-before,True,2.56500005722046,3.48600006103516,5.20300006866455,379.595690235077,2.23499989509583,0.448000013828278
night-low-occlusion,1,together-occlusion,True,3.27699995040894,4.46099996566772,8.97200012207031,299.704883432373,3.19099998474121,0.453999996185303
night-low-occlusion,1,together-control-after,True,2.6489999294281,3.47199988365173,4.85099983215332,369.092045932988,2.3659999370575,0.446000009775162
night-low-occlusion,4,together-control-before,True,10.3120002746582,15.701000213623,20.0270004272461,92.8766718940732,6.73199987411499,2.12800002098083
night-low-occlusion,4,together-occlusion,True,9.7819995880127,13.4490003585815,16.201000213623,98.6882603963034,8.08600044250488,2.01200008392334
night-low-occlusion,4,together-control-after,True,9.7519998550415,13.6569995880127,19.4109992980957,99.0789823643971,6.6729998588562,2.0
worker-reset-clean,4,together,True,6.60400009155273,7.81699991226196,8.12800025939941,150.409449759165,2.41000008583069,1.2940000295639
