stage,case,players,phase,settled,median_ms,p99_ms,gpu_ms,render_cpu_ms,fps,max_ms
after3-matrix,circle-high,1,together,True,3.50699996948242,4.25299978256226,3.04999995231628,0.948000013828278,280.845942335743,15.4739999771118
after3-matrix,circle-high,1,apart,True,3.19700002670288,4.13000011444092,3.1029999256134,0.711000025272369,303.856142046141,24.1690006256104
after3-matrix,circle-high,1,streaming,True,3.54699993133545,17.8279991149902,3.21799993515015,0.857999980449677,189.470193970111,31.1720008850098
after3-matrix,circle-high,4,together,True,14.1260004043579,21.0270004272461,7.2480001449585,3.48600006103516,68.4308531645946,25.6690006256104
after3-matrix,circle-high,4,apart,True,10.0260000228882,19.3299999237061,7.23600006103516,2.63899993896484,94.6637836234782,34.5919990539551
after3-matrix,circle-high,4,streaming,True,29.2059993743896,46.0260009765625,8.50399971008301,3.42799997329712,36.356251389014,48.4630012512207
after3-matrix,circle-low,1,together,True,2.97300004959106,3.71499991416931,2.87400007247925,0.604999959468842,331.992569882481,6.10200023651123
after3-matrix,circle-low,1,apart,True,2.90499997138977,3.86199998855591,2.82500004768372,0.443999975919724,334.011283911351,22.8299999237061
after3-matrix,circle-low,1,streaming,True,3.57699990272522,19.3770008087158,3.43600010871887,0.513999998569489,218.091525873973,28.4200000762939
after3-matrix,circle-low,4,together,True,10.7150001525879,13.6569995880127,8.19400024414062,2.30900001525879,91.1935277235169,20.1350002288818
after3-matrix,circle-low,4,apart,True,9.02700042724609,12.8889999389648,8.92899990081787,1.69700002670288,108.687096365576,22.3349990844727
after3-matrix,circle-low,4,streaming,True,11.7770004272461,22.8980007171631,8.69699954986572,2.01099991798401,79.5048275253136,35.1720008850098
after3-matrix,circle-lowest,1,together,True,1.99399995803833,2.45499992370605,0.927999973297119,0.349000006914139,494.245334863429,3.92499995231628
after3-matrix,circle-lowest,1,apart,True,1.93700003623962,2.4210000038147,0.921000003814697,0.33899998664856,506.253154315273,20.5149993896484
after3-matrix,circle-lowest,1,streaming,True,1.99300003051758,8.70199966430664,1.04299998283386,0.350000023841858,414.21153388238,30.0419998168945
after3-matrix,circle-lowest,4,together,True,7.54099988937378,9.22999954223633,2.58500003814697,1.62699997425079,130.942587183061,9.85400009155273
after3-matrix,circle-lowest,4,apart,True,7.04400014877319,10.3610000610352,2.5460000038147,1.41799998283386,138.805170570877,22.2430000305176
after3-matrix,circle-lowest,4,streaming,True,8.53600025177002,18.6359996795654,2.71600008010864,1.51800000667572,105.164646200132,29.3349990844727
after3-matrix,circle-medium,1,together,True,3.10400009155273,3.80299997329712,2.45700001716614,0.737999975681305,317.136757263956,14.9309997558594
after3-matrix,circle-medium,1,apart,True,2.77800011634827,3.94700002670288,2.68700003623962,0.583999991416931,346.985239356005,22.8349990844727
after3-matrix,circle-medium,1,streaming,True,3.1489999294281,16.1079998016357,2.84599995613098,0.726000010967255,217.27098524446,37.1259994506836
after3-matrix,circle-medium,4,together,True,12.3629999160767,23.1459999084473,6.43099975585938,2.81599998474121,77.223380609105,26.8150005340576
after3-matrix,circle-medium,4,apart,False,8.97000026702881,16.9179992675781,6.71600008010864,2.1800000667572,105.213464037921,39.1180000305176
after3-matrix,circle-medium,4,streaming,False,29.8390007019043,46.3409996032715,9.40200042724609,3.00099992752075,35.5498374864572,53.5379981994629
after3-matrix,circle-ultra,1,together,True,8.50399971008301,9.89000034332275,8.39599990844727,3.08699989318848,115.930466975862,11.4429998397827
after3-matrix,circle-ultra,1,apart,True,4.56400012969971,5.40500020980835,4.48299980163574,0.689000010490417,216.248954232556,22.7320003509521
after3-matrix,circle-ultra,1,streaming,True,6.62900018692017,17.8320007324219,4.44999980926514,0.866999983787537,144.593002583673,30.6849994659424
after3-matrix,circle-ultra,4,together,True,19.4400005340576,28.3239994049072,11.7950000762939,6.17399978637695,49.9459906067676,35.5989990234375
after3-matrix,circle-ultra,4,apart,False,10.7650003433228,22.7509994506836,10.1090002059937,2.96199989318848,87.3943884076228,39.6440010070801
after3-matrix,circle-ultra,4,streaming,False,34.9109992980957,48.8240013122559,11.8199996948242,3.72399997711182,28.5333691889644,58.398998260498
after3-matrix,night-high,1,together,True,4.30399990081787,6.35200023651123,4.15199995040894,1.12699997425079,218.799420692566,139.244003295898
after3-matrix,night-high,4,together,True,14.5290002822876,18.0620002746582,10.6760005950928,4.58899974822998,67.5065470609492,21.8430004119873
after3-matrix,night-low,1,together,True,2.42300009727478,3.21600008010864,2.23799991607666,0.412000000476837,402.575755721406,5.5939998626709
after3-matrix,night-low,4,together,True,9.39299964904785,11.4230003356934,6.74700021743774,1.96300005912781,104.333264820504,16.1889991760254
after3-matrix,night-lowest,1,together,True,1.93400001525879,2.5550000667572,1.17400002479553,0.348000019788742,508.167626050602,4.94199991226196
after3-matrix,night-lowest,4,together,True,7.02299976348877,8.89799976348877,2.83200001716614,1.46599996089935,140.197196812477,13.1359996795654
after3-matrix,night-medium,1,together,True,2.73600006103516,3.66300010681152,2.64199995994568,0.541999995708466,357.91304417994,10.2159996032715
after3-matrix,night-medium,4,together,True,9.9399995803833,12.4980001449585,6.67400026321411,2.15000009536743,98.3818915293387,16.9160003662109
after3-matrix,night-ultra,1,together,True,7.34800004959106,7.81899976730347,7.28299999237061,2.65199995040894,135.999965625667,9.11499977111816
after3-matrix,night-ultra,4,together,True,25.548999786377,29.7399997711182,18.7290000915527,10.4460000991821,38.7957941968534,34.5909996032715
