scene,players,label,phase,archive_summary,frames,seconds,fps_mean,median_ms,cpu_ms_median,gpu_ms_median,p99_ms,low1_ms,max_ms,hitches,distance_m,hardware_samples,player_samples,rss_min_gib,rss_max_gib,video_min_mib,video_max_mib,sampled_draw_calls_median
dusk,1,together-control-before,steady,dusk/00-1p/together-control-before/summary.json,1227,3.07054,399.603978453301,2.40499997138977,0.414000004529953,2.28999996185303,3.59800004959106,3.69774999221166,3.96799993515015,0,0.0,3,4,2.445728302001953,2.445728302001953,463.6523742675781,463.6703186035156,628.0
dusk,1,together-without-render_shafts,steady,dusk/00-1p/together-without-render_shafts/summary.json,1285,3.070471,418.502568498449,2.31299996376038,0.407000005245209,2.03900003433228,3.32299995422363,3.55516672134399,4.12200021743774,0,0.0,3,4,2.4447669982910156,2.4447669982910156,463.6437225341797,463.6517791748047,627.0
dusk,1,together-control-after,steady,dusk/00-1p/together-control-after/summary.json,1222,3.069466,398.114851247742,2.40899991989136,0.41100001335144,2.30200004577637,3.58500003814697,3.80600001414617,4.30100011825562,0,0.0,3,4,2.4462356567382812,2.4462356567382812,463.63075256347656,463.6437225341797,628.0
underwater,1,together-control-before,steady,underwater/00-1p/together-control-before/summary.json,1318,3.071238,429.142905890068,2.28099989891052,0.400999993085861,1.69599997997284,2.88599991798401,3.15784615736741,4.14099979400635,0,0.0,3,4,2.239940643310547,2.239940643310547,418.84840393066406,418.84840393066406,373.0
underwater,1,together-without-render_underwater_volume,steady,underwater/00-1p/together-without-render_underwater_volume/summary.json,1320,3.067452,430.32458209615,2.27900004386902,0.390000015497208,1.42400002479553,2.94600009918213,3.36246153024527,4.32800006866455,0,0.0,3,4,2.2489967346191406,2.2489967346191406,360.3573455810547,360.3573455810547,373.0
underwater,1,together-control-after,steady,underwater/00-1p/together-control-after/summary.json,1310,3.069355,426.799767377837,2.30100011825562,0.400999993085861,1.692999958992,2.98600006103516,3.18969231385451,4.22200012207031,0,0.0,3,4,2.244781494140625,2.247600555419922,418.8573455810547,418.8573455810547,373.0
wet,1,together-control-before,steady,wet/00-1p/together-control-before/summary.json,1131,3.070318,368.365752342266,2.61400008201599,0.5,2.47300004959106,3.7960000038147,4.12063641981645,5.26300001144409,0,0.0,3,4,2.2450103759765625,2.2450103759765625,412.3466033935547,412.3466033935547,385.0
wet,1,together-without-render_wet_surfaces,steady,wet/00-1p/together-without-render_wet_surfaces/summary.json,1134,3.069485,369.44308247149,2.60700011253357,0.499000012874603,2.46600008010864,3.70600008964539,3.87781819430265,4.13500022888184,0,0.0,3,4,2.2458419799804688,2.2472801208496094,412.3555450439453,412.3555450439453,385.0
wet,1,together-without-render_water_reflections,steady,wet/00-1p/together-without-render_water_reflections/summary.json,1124,3.069553,366.177094840845,2.62299990653992,0.499000012874603,2.49499988555908,3.90000009536743,4.1602727283131,5.2350001335144,0,0.0,3,4,2.249195098876953,2.249195098876953,412.3555450439453,412.3555450439453,385.0
wet,1,together-without-render_water_waves,steady,wet/00-1p/together-without-render_water_waves/summary.json,1129,3.068775,367.899243183355,2.62299990653992,0.496999979019165,2.48200011253357,3.91499996185303,4.06490911136974,4.34700012207031,0,0.0,3,4,2.247844696044922,2.247844696044922,412.3466033935547,412.3466033935547,382.0
wet,1,together-control-after,steady,wet/00-1p/together-control-after/summary.json,1125,3.067621,366.733700153963,2.64000010490417,0.496999979019165,2.49499988555908,3.83500003814697,4.00609092278914,4.72100019454956,0,0.0,3,4,2.247844696044922,2.247844696044922,412.33766174316406,412.3466033935547,382.0
night,4,together-control-before,steady,night/00-4p/together-control-before/summary.json,165,3.05855,53.9471318108254,18.3090000152588,6.1560001373291,10.2410001754761,22.9540004730225,24.7929992675781,24.7929992675781,0,0.0,3,4,5.970485687255859,5.971172332763672,762.1077880859375,762.1537475585938,12775.0
night,4,together-without-render_dynamic_lights,steady,night/00-4p/together-without-render_dynamic_lights/summary.json,293,3.062006,95.6889045939165,10.2390003204346,2.0220000743866,4.86199998855591,12.835000038147,14.4984998703003,14.8020000457764,0,0.0,3,4,5.969799041748047,5.969799041748047,762.072021484375,762.1303100585938,1318.0
night,4,together-without-render_carried_light,steady,night/00-4p/together-without-render_carried_light/summary.json,170,3.056541,55.6184261882958,17.7940006256104,5.98000001907349,10.07200050354,21.1270008087158,21.931999206543,21.931999206543,0,0.0,3,4,5.969825744628906,5.969825744628906,762.1077880859375,762.1077880859375,12592.0
night,4,together-control-after,steady,night/00-4p/together-control-after/summary.json,167,3.06564,54.4747589410368,18.1870002746582,6.11100006103516,10.1219997406006,20.9699993133545,21.9500007629395,21.9500007629395,0,0.0,3,4,5.969829559326172,5.969829559326172,762.1077880859375,762.1077880859375,12592.0
foliage,1,together-control-before,steady,foliage/00-1p/together-control-before/summary.json,1207,3.067754,393.447453739772,2.4909999370575,0.436999976634979,2.04299998283386,3.1489999294281,3.28416663408279,3.51799988746643,0,0.0,3,4,2.401836395263672,2.401836395263672,416.6807861328125,416.6807861328125,414.0
foliage,1,together-without-render_foliage_wind,steady,foliage/00-1p/together-without-render_foliage_wind/summary.json,1198,3.068208,390.455927368679,2.49799990653992,0.435999989509583,2.09299993515015,3.32200002670288,3.62727271426808,4.21999979019165,0,0.0,3,4,2.402618408203125,2.4027862548828125,416.6807861328125,416.6897277832031,414.0
foliage,1,together-control-after,steady,foliage/00-1p/together-control-after/summary.json,1061,3.065582,346.100675173589,2.7039999961853,0.448000013828278,2.05800008773804,4.25299978256226,4.71339998245239,5.48099994659424,0,0.0,3,4,2.4027862548828125,2.4027862548828125,416.6897277832031,416.6897277832031,414.0
grass,4,together-control-before,steady,grass/00-4p/together-control-before/summary.json,51,3.047832,16.733205767247,59.6349983215332,2.15400004386902,59.5780029296875,64.7770004272461,64.7770004272461,64.7770004272461,0,0.0,3,4,5.991565704345703,5.991565704345703,884.0978546142578,884.1110992431641,1274.0
grass,4,together-without-render_grass_interaction,steady,grass/00-4p/together-without-render_grass_interaction/summary.json,119,3.054827,38.9547427726677,25.7070007324219,2.04399991035461,25.6259994506836,31.1959991455078,31.7999992370605,31.7999992370605,0,0.0,3,4,5.991909027099609,5.991909027099609,884.0978546142578,884.1795806884766,1274.0
grass,4,together-control-after,steady,grass/00-4p/together-control-after/summary.json,58,3.039342,19.0830778504031,52.2089996337891,2.29399991035461,52.6290016174316,56.1110000610352,58.0740013122559,58.0740013122559,0,0.0,3,3,5.991794586181641,5.991794586181641,884.1110992431641,884.1169586181641,1277.0
ice,1,together-control-before,steady,ice/00-1p/together-control-before/summary.json,869,3.069308,283.12570781427,3.38199996948242,0.680999994277954,3.27099990844727,5.03000020980835,5.32587504386902,5.78200006484985,0,0.0,3,4,2.299152374267578,2.302570343017578,444.4833679199219,444.4833679199219,907.0
ice,1,together-without-render_ice_detail,steady,ice/00-1p/together-without-render_ice_detail/summary.json,1043,3.068627,339.891423754011,2.89000010490417,0.628000020980835,2.2739999294281,3.78099989891052,4.30379998683929,5.86399984359741,0,0.0,3,4,2.3029518127441406,2.3029518127441406,444.4923095703125,444.4923095703125,907.0
ice,1,together-without-render_ice_transmission,steady,ice/00-1p/together-without-render_ice_transmission/summary.json,1126,3.069475,366.837977178508,2.61400008201599,0.460999995470047,2.46199989318848,3.70199990272522,4.03672723336653,4.54199981689453,0,0.0,3,4,2.3129844665527344,2.3250961303710938,444.4833679199219,444.4923095703125,487.0
ice,1,together-control-after,steady,ice/00-1p/together-control-after/summary.json,955,3.07116,310.957423253754,3.11999988555908,0.616999983787537,3.01600003242493,4.34899997711182,4.51155556572808,4.7979998588562,0,0.0,3,4,2.3196868896484375,2.321788787841797,444.4833679199219,444.4833679199219,907.0
magma,1,together-control-before,steady,magma/00-1p/together-control-before/summary.json,896,3.068302,292.018191168927,3.38000011444092,0.465000003576279,3.28399991989136,4.08599996566772,4.3896250128746,5.03999996185303,0,0.0,3,4,2.259235382080078,2.2595443725585938,426.98448181152344,426.99342346191406,460.0
magma,1,together-without-render_lava_detail,steady,magma/00-1p/together-without-render_lava_detail/summary.json,936,3.068529,305.032150584205,3.22699999809265,0.462999999523163,3.125,3.86100006103516,4.0230000283983,4.56400012969971,0,0.0,3,4,2.2599220275878906,2.2599220275878906,426.99342346191406,426.99342346191406,460.0
magma,1,together-control-after,steady,magma/00-1p/together-control-after/summary.json,896,3.065924,292.244687082915,3.38599991798401,0.464000016450882,3.28999996185303,4.02799987792969,4.34112501144409,4.76800012588501,0,0.0,3,4,2.2622604370117188,2.2682037353515625,426.98448181152344,426.99342346191406,460.0
circle,4,apart,steady,circle/00-4p/apart/summary.json,378,3.07118,123.079728312896,7.91599988937378,1.71099996566772,5.41300010681152,11.7209997177124,16.4096670150757,17.4820003509521,2,0.0,3,4,7.008090972900391,7.008090972900391,883.0218200683594,883.0218200683594,1403.0
circle,4,streaming,move_full,circle/00-4p/streaming/summary.json,261,3.065914,85.1295894144454,9.58399963378906,1.89499998092651,5.25799989700317,38.2799987792969,57.2744998931885,62.1669998168945,21,24.527320900932,3,4,7.008174896240234,7.027229309082031,883.0205688476562,902.3147125244141,1439.5
